<?xml version="1.0" encoding="UTF-8"?>

<mule xmlns:ee="http://www.mulesoft.org/schema/mule/ee/core" xmlns:http="http://www.mulesoft.org/schema/mule/http"
	xmlns="http://www.mulesoft.org/schema/mule/core"
	xmlns:doc="http://www.mulesoft.org/schema/mule/documentation" xmlns:xsi="http://www.w3.org/2001/XMLSchema-instance" xsi:schemaLocation="http://www.mulesoft.org/schema/mule/core http://www.mulesoft.org/schema/mule/core/current/mule.xsd
http://www.mulesoft.org/schema/mule/http http://www.mulesoft.org/schema/mule/http/current/mule-http.xsd
http://www.mulesoft.org/schema/mule/ee/core http://www.mulesoft.org/schema/mule/ee/core/current/mule-ee.xsd">
	<http:listener-config name="HTTP_Listener_config" doc:name="HTTP Listener config" doc:id="5186506e-7ff3-43be-8737-21dfcc5b9839" >
		<http:listener-connection host="0.0.0.0" port="8081" />
	</http:listener-config>
	<flow name="problemstatementFlow" doc:id="94b53890-5b4b-4657-bcb5-b67e89104914" >
		<http:listener doc:name="Listener" doc:id="76c31575-35e6-4633-bc27-9e35ab0ae369" config-ref="HTTP_Listener_config" path="/hello" allowedMethods="POST" outputMimeType="application/json"/>
		<set-payload value="#[payload]" doc:name="Set Payload" doc:id="f3c9c2d0-4b84-456b-ac05-7b363cbea5b2" />
		<ee:transform doc:name="Transform Message" doc:id="44e1905d-463d-4ad7-8924-91fc79cea1c2" >
			<ee:message >
				<ee:set-payload ><![CDATA[%dw 2.0
output application/json
---
[
 	{
 		"id": "8fa8435c-fca4-4b42-9b5a-e81f9bd9aa16",
 		"username": "bob",
 		"email": "bob@mulesoft",
 		"connectionInfo": {
 			"IPAddress": "212.141.190.171",
 			"MACAddress": "2A-7A-6F-D3-64-54"
 		}
 	},{
 		"id": "f125a585-df12-404a-8c80-711d117dd353",
 		"username": "greg",
 		"email": "greg@mulesoft.com",
 		"connectionInfo": {
 			"IPAddress": "128.211.42.181",
 			"MACAddress": "8D-BD-C3-C4-D8-A4"
 		}
 	},{
 		"id": "6d4747ee-eb00-4e81-b7dc-2b01585e6d99",
 		"username": "anna",
 		"email": "anna@mulesoft.com",
 		"connectionInfo": {
 			"IPAddress": "40.125.118.175",
 			"MACAddress": "9E-05-9B-68-8E-80"
 		}
 	}
 ]]]></ee:set-payload>
			</ee:message>
		</ee:transform>
	</flow>
</mule>
